/*
SQLyog Ultimate v12.09 (64 bit)
MySQL - 5.7.17-log : Database - demopy
*********************************************************************
*/

/*!40101 SET NAMES utf8 */;

/*!40101 SET SQL_MODE=''*/;

/*!40014 SET @OLD_UNIQUE_CHECKS=@@UNIQUE_CHECKS, UNIQUE_CHECKS=0 */;
/*!40014 SET @OLD_FOREIGN_KEY_CHECKS=@@FOREIGN_KEY_CHECKS, FOREIGN_KEY_CHECKS=0 */;
/*!40101 SET @OLD_SQL_MODE=@@SQL_MODE, SQL_MODE='NO_AUTO_VALUE_ON_ZERO' */;
/*!40111 SET @OLD_SQL_NOTES=@@SQL_NOTES, SQL_NOTES=0 */;
CREATE DATABASE /*!32312 IF NOT EXISTS*/`demopy` /*!40100 DEFAULT CHARACTER SET utf8 */;

USE `demopy`;

/*Table structure for table `china_daily_data` */

DROP TABLE IF EXISTS `china_daily_data`;

CREATE TABLE `china_daily_data` (
  `日期` varchar(20) DEFAULT NULL,
  `确诊人数` int(11) DEFAULT NULL,
  `死亡人数` int(11) DEFAULT NULL,
  `死亡率` float(11,2) DEFAULT NULL,
  `治愈人数` int(11) DEFAULT NULL,
  `治愈率` float(11,2) DEFAULT NULL,
  `当地确诊人数` int(11) DEFAULT NULL,
  `当地感染人数增加` int(11) DEFAULT NULL,
  `感染人数` int(11) DEFAULT NULL,
  `疑似人数` int(11) DEFAULT NULL,
  `境外人数` int(11) DEFAULT NULL
) ENGINE=InnoDB DEFAULT CHARSET=utf8;

/*Data for the table `china_daily_data` */

insert  into `china_daily_data`(`日期`,`确诊人数`,`死亡人数`,`死亡率`,`治愈人数`,`治愈率`,`当地确诊人数`,`当地感染人数增加`,`感染人数`,`疑似人数`,`境外人数`) values ('2020.11.23',96,0,0.00,24,25.00,2,0,8,1,20),('2020.11.24',85,0,0.00,29,34.10,0,0,6,1,5),('2020.11.25',111,0,0.00,45,40.50,9,0,5,3,12),('2020.11.26',88,0,0.00,15,17.00,0,0,8,0,5),('2020.11.27',112,0,0.00,37,33.00,0,0,4,0,6),('2020.11.28',104,1,1.00,32,30.80,0,0,10,4,11),('2020.11.29',136,0,0.00,42,30.90,3,0,17,0,15),('2020.11.30',112,0,0.00,16,14.30,4,0,5,0,8),('2020.12.01',91,0,0.00,35,38.50,2,0,3,1,7),('2020.12.02',129,1,0.80,56,43.40,0,0,6,2,16),('2020.12.03',108,1,0.90,43,39.80,2,0,12,1,15),('2020.12.04',133,1,0.80,57,42.90,2,0,12,0,15),('2020.12.05',122,0,0.00,60,49.20,1,0,2,2,17),('2020.12.06',133,0,0.00,69,51.90,3,0,6,2,12),('2020.12.07',90,0,0.00,72,80.00,2,0,5,1,10),('2020.12.08',117,0,0.00,89,76.10,4,0,1,2,11),('2020.12.09',118,2,1.70,101,85.60,1,0,5,2,11),('2020.12.10',131,0,0.00,130,99.20,6,0,7,0,9),('2020.12.11',100,0,0.00,113,113.00,0,0,17,0,13),('2020.12.12',101,1,1.00,135,133.70,5,0,14,1,19),('2020.12.13',114,2,1.80,102,89.50,2,0,9,0,14),('2020.12.14',103,3,2.90,82,79.60,3,0,8,0,14),('2020.12.15',112,3,2.70,93,83.00,0,0,9,1,12),('2020.12.16',96,0,0.00,116,120.80,0,0,6,1,7),('2020.12.17',116,2,1.70,108,93.10,1,0,11,0,11),('2020.12.18',89,4,4.50,111,124.70,3,0,16,1,14),('2020.12.19',136,0,0.00,136,100.00,1,0,10,0,22),('2020.12.20',100,1,1.00,116,116.00,2,0,15,4,21),('2020.12.21',100,1,1.00,82,82.00,2,0,17,0,13),('2020.12.22',82,1,1.20,109,132.90,1,0,14,0,14),('2020.12.23',76,1,1.30,142,186.80,6,0,19,0,11),('2020.12.24',85,2,2.40,100,117.60,7,0,17,0,7),('2020.12.25',81,1,1.20,131,161.70,8,0,19,0,12),('2020.12.26',84,0,0.00,100,119.00,12,0,15,0,10),('2020.12.27',93,1,1.10,102,109.70,6,0,20,1,15),('2020.12.28',96,4,4.20,71,74.00,15,0,8,0,12),('2020.12.29',79,2,2.50,113,143.00,7,0,17,0,17),('2020.12.30',81,4,4.90,124,153.10,9,0,8,0,16),('2020.12.31',89,1,1.10,113,127.00,9,0,19,1,10),('2021.01.01',67,1,1.50,119,177.60,8,0,21,1,14),('2021.01.02',65,1,1.50,72,110.80,8,0,8,0,16),('2021.01.03',78,0,0.00,63,80.80,13,0,40,0,20),('2021.01.04',89,3,3.40,63,70.80,17,0,37,0,16),('2021.01.05',66,0,0.00,94,142.40,23,0,64,2,9),('2021.01.06',90,1,1.10,98,108.90,52,0,79,0,11),('2021.01.07',89,0,0.00,82,92.10,37,0,57,0,16),('2021.01.08',81,1,1.20,74,91.40,17,0,38,1,16),('2021.01.09',131,2,1.50,89,67.90,48,0,27,0,21),('2021.01.10',134,1,0.70,67,50.00,85,0,76,0,18),('2021.01.11',102,1,1.00,82,80.40,42,71,81,0,13),('2021.01.12',179,1,0.60,88,49.20,107,35,38,1,8),('2021.01.13',184,2,1.10,97,52.70,124,75,78,0,14),('2021.01.14',173,0,0.00,75,43.40,135,55,66,1,9),('2021.01.15',169,0,0.00,81,47.90,115,55,79,0,15),('2021.01.16',166,1,0.60,67,40.40,96,103,119,1,13),('2021.01.17',169,0,0.00,51,30.20,93,104,115,2,16),('2021.01.18',232,1,0.40,61,26.30,106,80,91,0,12),('2021.01.19',165,2,1.20,69,41.80,88,43,58,0,15),('2021.01.20',223,1,0.40,59,26.50,126,97,113,5,18),('2021.01.21',175,1,0.60,68,38.90,94,99,119,0,9);

/*Table structure for table `china_total` */

DROP TABLE IF EXISTS `china_total`;

CREATE TABLE `china_total` (
  `累计确诊` int(11) DEFAULT NULL,
  `累计治愈` int(11) DEFAULT NULL,
  `累计死亡` int(11) DEFAULT NULL,
  `现有确诊` int(11) DEFAULT NULL,
  `本土确诊` int(11) DEFAULT NULL,
  `无症状感染者` int(11) DEFAULT NULL,
  `境外输入` int(11) DEFAULT NULL
) ENGINE=InnoDB DEFAULT CHARSET=utf8;

/*Data for the table `china_total` */

insert  into `china_total`(`累计确诊`,`累计治愈`,`累计死亡`,`现有确诊`,`本土确诊`,`无症状感染者`,`境外输入`) values (99595,92225,4809,2561,1390,929,4572);

/*Table structure for table `city_total` */

DROP TABLE IF EXISTS `city_total`;

CREATE TABLE `city_total` (
  `省份` varchar(255) DEFAULT NULL,
  `城市` varchar(255) DEFAULT NULL,
  `现确诊` int(11) DEFAULT NULL,
  `累计确诊` int(11) DEFAULT NULL,
  `疑似人数` int(11) DEFAULT NULL,
  `死亡人数` int(11) DEFAULT NULL,
  `死亡率` float(11,2) NOT NULL,
  `治愈人数` int(11) DEFAULT NULL,
  `治愈率` float(11,2) DEFAULT NULL,
  `无症状感染者` int(11) DEFAULT NULL
) ENGINE=InnoDB DEFAULT CHARSET=utf8;

/*Data for the table `city_total` */

insert  into `city_total`(`省份`,`城市`,`现确诊`,`累计确诊`,`疑似人数`,`死亡人数`,`死亡率`,`治愈人数`,`治愈率`,`无症状感染者`) values ('河北','石家庄',778,843,0,1,0.12,64,7.59,0),('河北','邢台',56,82,0,1,1.22,25,30.49,0),('河北','境外输入',2,36,0,0,0.00,34,94.44,0),('河北','廊坊',1,33,0,0,0.00,32,96.97,0),('河北','保定',0,48,0,0,0.00,48,100.00,0),('河北','沧州',0,49,0,3,6.12,46,93.88,0),('河北','地区待确认',0,0,0,0,0.00,0,0.00,0),('河北','张家口',0,43,0,0,0.00,43,100.00,0),('河北','唐山',0,58,0,1,1.72,57,98.28,0),('河北','邯郸',0,32,0,0,0.00,32,100.00,0),('河北','承德',0,7,0,0,0.00,7,100.00,0),('河北','衡水',0,8,0,0,0.00,8,100.00,0),('河北','秦皇岛',0,10,0,1,10.00,9,90.00,0),('香港','地区待确认',796,9867,0,167,1.69,8904,90.24,0),('黑龙江','绥化',284,331,0,4,1.21,43,12.99,0),('黑龙江','哈尔滨',16,280,0,4,1.43,260,92.86,0),('黑龙江','黑河',3,24,0,0,0.00,21,87.50,0),('黑龙江','大庆',2,29,0,1,3.45,26,89.66,0),('黑龙江','齐齐哈尔',1,44,0,1,2.27,42,95.45,0),('黑龙江','地区待确认',0,2,0,0,0.00,2,100.00,0),('黑龙江','境外输入',0,389,0,0,0.00,389,100.00,0),('黑龙江','牡丹江',0,36,0,0,0.00,36,100.00,0),('黑龙江','大兴安岭',0,3,0,0,0.00,3,100.00,0),('黑龙江','双鸭山',0,52,0,3,5.77,49,94.23,0),('黑龙江','鸡西',0,46,0,0,0.00,46,100.00,0),('黑龙江','鹤岗',0,5,0,0,0.00,5,100.00,0),('黑龙江','七台河',0,17,0,0,0.00,17,100.00,0),('黑龙江','伊春',0,1,0,0,0.00,1,100.00,0),('黑龙江','佳木斯',0,15,0,0,0.00,15,100.00,0),('吉林','通化',136,142,0,0,0.00,6,4.23,0),('吉林','长春',47,92,0,0,0.00,45,48.91,0),('吉林','松原',2,4,0,0,0.00,2,50.00,0),('吉林','四平',0,17,0,1,5.88,16,94.12,0),('吉林','吉林',0,48,0,1,2.08,47,97.92,0),('吉林','境外输入',0,19,0,0,0.00,19,100.00,0),('吉林','白城',0,1,0,0,0.00,1,100.00,0),('吉林','公主岭',0,6,0,0,0.00,6,100.00,0),('吉林','辽源',0,7,0,0,0.00,7,100.00,0),('吉林','延边',0,5,0,0,0.00,5,100.00,0),('吉林','梅河口市',0,1,0,0,0.00,1,100.00,0),('上海','境外输入',94,1269,0,0,0.00,1175,92.59,0),('上海','黄浦',6,12,0,1,8.33,5,41.67,0),('上海','青浦',0,6,0,0,0.00,6,100.00,0),('上海','境外来沪',0,1,0,0,0.00,1,100.00,0),('上海','外地来沪',0,113,0,1,0.88,112,99.12,0),('上海','地区待确认',0,0,0,0,0.00,0,0.00,0),('上海','宝山',0,22,0,1,4.55,21,95.45,0),('上海','嘉定',0,9,0,2,22.22,7,77.78,0),('上海','徐汇',0,18,0,1,5.56,17,94.44,0),('上海','静安',0,16,0,1,6.25,15,93.75,0),('上海','浦东',0,68,0,0,0.00,68,100.00,0),('上海','松江',0,14,0,0,0.00,14,100.00,0),('上海','崇明',0,4,0,0,0.00,4,100.00,0),('上海','金山',0,4,0,0,0.00,4,100.00,0),('上海','虹口',0,7,0,0,0.00,7,100.00,0),('上海','奉贤',0,9,0,0,0.00,9,100.00,0),('上海','杨浦',0,9,0,0,0.00,9,100.00,0),('上海','普陀',0,11,0,0,0.00,11,100.00,0),('上海','长宁',0,13,0,0,0.00,13,100.00,0),('上海','闵行',0,19,0,0,0.00,19,100.00,0),('台湾','地区待确认',95,873,0,7,0.80,771,88.32,0),('北京','顺义',34,45,0,0,0.00,11,24.44,0),('北京','大兴',14,118,0,0,0.00,104,88.14,0),('北京','境外输入',8,208,0,0,0.00,200,96.15,0),('北京','朝阳',3,80,0,0,0.00,77,96.25,0),('北京','怀柔',1,8,0,0,0.00,7,87.50,0),('北京','密云',0,7,0,0,0.00,7,100.00,0),('北京','石景山',0,15,0,0,0.00,15,100.00,0),('北京','东城',0,19,0,0,0.00,19,100.00,0),('北京','延庆',0,1,0,0,0.00,1,100.00,0),('北京','海淀',0,82,0,0,0.00,82,100.00,0),('北京','外地来京',0,25,0,0,0.00,25,100.00,0),('北京','门头沟',0,5,0,0,0.00,5,100.00,0),('北京','通州',0,20,0,9,45.00,11,55.00,0),('北京','房山',0,20,0,0,0.00,20,100.00,0),('北京','昌平',0,30,0,0,0.00,30,100.00,0),('北京','西城',0,59,0,0,0.00,59,100.00,0),('北京','丰台',0,273,0,0,0.00,273,100.00,0),('北京','地区待确认',-13,5,0,0,0.00,18,360.00,0),('广东','境外输入',41,702,0,0,0.00,661,94.16,0),('广东','揭阳',0,10,0,0,0.00,10,100.00,0),('广东','汕尾',0,6,0,0,0.00,6,100.00,0),('广东','广州',0,377,0,1,0.27,376,99.73,0),('广东','清远',0,12,0,0,0.00,12,100.00,0),('广东','潮州',0,5,0,0,0.00,5,100.00,0),('广东','中山',0,67,0,0,0.00,67,100.00,0),('广东','河源',0,5,0,0,0.00,5,100.00,0),('广东','湛江',0,22,0,0,0.00,22,100.00,0),('广东','珠海',0,98,0,1,1.02,97,98.98,0),('广东','汕头',0,25,0,0,0.00,25,100.00,0),('广东','地区待确认',0,0,0,0,0.00,0,0.00,0),('广东','江门',0,23,0,0,0.00,23,100.00,0),('广东','梅州',0,16,0,0,0.00,16,100.00,0),('广东','佛山',0,89,0,0,0.00,89,100.00,0),('广东','深圳',0,423,0,3,0.71,420,99.29,0),('广东','肇庆',0,19,0,1,5.26,18,94.74,0),('广东','东莞',0,99,0,1,1.01,98,98.99,0),('广东','阳江',0,14,0,0,0.00,14,100.00,0),('广东','惠州',0,62,0,0,0.00,62,100.00,0),('广东','茂名',0,14,0,0,0.00,14,100.00,0),('广东','韶关',0,10,0,1,10.00,9,90.00,0),('陕西','境外输入',25,287,0,0,0.00,262,91.29,0),('陕西','渭南',1,16,0,0,0.00,15,93.75,0),('陕西','韩城',0,1,0,0,0.00,1,100.00,0),('陕西','咸阳',0,17,0,0,0.00,17,100.00,0),('陕西','西安',0,120,0,3,2.50,117,97.50,0),('陕西','汉中',0,26,0,0,0.00,26,100.00,0),('陕西','杨凌',0,1,0,0,0.00,1,100.00,0),('陕西','地区待确认',0,0,0,0,0.00,0,0.00,0),('陕西','榆林',0,3,0,0,0.00,3,100.00,0),('陕西','商洛',0,7,0,0,0.00,7,100.00,0),('陕西','铜川',0,8,0,0,0.00,8,100.00,0),('陕西','延安',0,8,0,0,0.00,8,100.00,0),('陕西','宝鸡',0,13,0,0,0.00,13,100.00,0),('陕西','安康',0,26,0,0,0.00,26,100.00,0),('天津','境外输入',23,188,0,0,0.00,165,87.77,0),('天津','宁河区',0,4,0,0,0.00,4,100.00,0),('天津','北辰区',0,7,0,0,0.00,7,100.00,0),('天津','宝坻区',0,60,0,2,3.33,58,96.67,0),('天津','河北区',0,12,0,0,0.00,12,100.00,0),('天津','津南区',0,2,0,0,0.00,2,100.00,0),('天津','南开区',0,6,0,0,0.00,6,100.00,0),('天津','河东区',0,15,0,1,6.67,14,93.33,0),('天津','滨海新区',0,13,0,0,0.00,13,100.00,0),('天津','和平区',0,6,0,0,0.00,6,100.00,0),('天津','外地来津',0,6,0,0,0.00,6,100.00,0),('天津','武清区',0,2,0,0,0.00,2,100.00,0),('天津','东丽区',0,4,0,0,0.00,4,100.00,0),('天津','河西区',0,4,0,0,0.00,4,100.00,0),('天津','西青区',0,4,0,0,0.00,4,100.00,0),('天津','红桥区',0,2,0,0,0.00,2,100.00,0),('辽宁','境外输入',14,85,0,0,0.00,71,83.53,0),('辽宁','沈阳',4,70,0,0,0.00,66,94.29,0),('辽宁','大连',2,161,0,0,0.00,159,98.76,0),('辽宁','葫芦岛',0,12,0,1,8.33,11,91.67,0),('辽宁','抚顺',0,1,0,0,0.00,1,100.00,0),('辽宁','朝阳市',0,6,0,1,16.67,5,83.33,0),('辽宁','丹东',0,11,0,0,0.00,11,100.00,0),('辽宁','铁岭',0,8,0,0,0.00,8,100.00,0),('辽宁','鞍山',0,4,0,0,0.00,4,100.00,0),('辽宁','锦州',0,12,0,0,0.00,12,100.00,0),('辽宁','盘锦',0,11,0,0,0.00,11,100.00,0),('辽宁','阜新',0,8,0,0,0.00,8,100.00,0),('辽宁','本溪',0,3,0,0,0.00,3,100.00,0),('辽宁','辽阳',0,3,0,0,0.00,3,100.00,0),('辽宁','营口',0,1,0,0,0.00,1,100.00,0),('福建','境外输入',19,238,0,0,0.00,219,92.02,0),('福建','莆田',0,56,0,0,0.00,56,100.00,0),('福建','漳州',0,20,0,0,0.00,20,100.00,0),('福建','地区待确认',0,0,0,0,0.00,0,0.00,0),('福建','宁德',0,26,0,0,0.00,26,100.00,0),('福建','龙岩',0,6,0,0,0.00,6,100.00,0),('福建','南平',0,20,0,0,0.00,20,100.00,0),('福建','三明',0,14,0,0,0.00,14,100.00,0),('福建','泉州',0,47,0,0,0.00,47,100.00,0),('福建','厦门',0,35,0,0,0.00,35,100.00,0),('福建','福州',0,72,0,1,1.39,71,98.61,0),('内蒙古','境外输入',14,261,0,0,0.00,247,94.64,0),('内蒙古','呼伦贝尔',0,37,0,0,0.00,37,100.00,0),('内蒙古','包头',0,11,0,0,0.00,11,100.00,0),('内蒙古','呼和浩特',0,7,0,0,0.00,7,100.00,0),('内蒙古','乌兰察布',0,3,0,0,0.00,3,100.00,0),('内蒙古','锡林郭勒',0,9,0,0,0.00,9,100.00,0),('内蒙古','赤峰',0,9,0,0,0.00,9,100.00,0),('内蒙古','通辽',0,7,0,0,0.00,7,100.00,0),('内蒙古','鄂尔多斯',0,11,0,0,0.00,11,100.00,0),('内蒙古','巴彦淖尔',0,8,0,1,12.50,7,87.50,0),('内蒙古','兴安盟',0,1,0,0,0.00,1,100.00,0),('内蒙古','乌海',0,2,0,0,0.00,2,100.00,0),('浙江','境外输入',10,97,0,0,0.00,87,89.69,0),('浙江','金华',0,55,0,0,0.00,55,100.00,0),('浙江','省十里丰监狱',0,36,0,0,0.00,36,100.00,0),('浙江','丽水',0,17,0,0,0.00,17,100.00,0),('浙江','舟山',0,10,0,0,0.00,10,100.00,0),('浙江','衢州',0,14,0,0,0.00,14,100.00,0),('浙江','台州',0,147,0,0,0.00,147,100.00,0),('浙江','绍兴',0,42,0,0,0.00,42,100.00,0),('浙江','嘉兴',0,46,0,0,0.00,46,100.00,0),('浙江','湖州',0,10,0,0,0.00,10,100.00,0),('浙江','温州',0,504,0,1,0.20,503,99.80,0),('浙江','宁波',0,157,0,0,0.00,157,100.00,0),('浙江','杭州',0,181,0,0,0.00,181,100.00,0),('四川','境外输入',9,311,0,0,0.00,302,97.11,0),('四川','成都',1,158,0,3,1.90,154,97.47,0),('四川','内江',0,22,0,0,0.00,22,100.00,0),('四川','广安',0,30,0,0,0.00,30,100.00,0),('四川','攀枝花',0,16,0,0,0.00,16,100.00,0),('四川','自贡',0,9,0,0,0.00,9,100.00,0),('四川','泸州',0,24,0,0,0.00,24,100.00,0),('四川','德阳',0,18,0,0,0.00,18,100.00,0),('四川','绵阳',0,22,0,0,0.00,22,100.00,0),('四川','广元',0,6,0,0,0.00,6,100.00,0),('四川','遂宁',0,17,0,0,0.00,17,100.00,0),('四川','雅安',0,8,0,0,0.00,8,100.00,0),('四川','乐山',0,3,0,0,0.00,3,100.00,0),('四川','南充',0,39,0,0,0.00,39,100.00,0),('四川','凉山',0,13,0,0,0.00,13,100.00,0),('四川','甘孜',0,78,0,0,0.00,78,100.00,0),('四川','阿坝',0,1,0,0,0.00,1,100.00,0),('四川','资阳',0,4,0,0,0.00,4,100.00,0),('四川','眉山',0,8,0,0,0.00,8,100.00,0),('四川','达州',0,42,0,0,0.00,42,100.00,0),('四川','巴中',0,24,0,0,0.00,24,100.00,0),('四川','宜宾',0,12,0,0,0.00,12,100.00,0),('山西','晋中',4,41,0,0,0.00,37,90.24,0),('山西','境外输入',3,93,0,0,0.00,90,96.77,0),('山西','太原',0,21,0,0,0.00,21,100.00,0),('山西','大同',0,12,0,0,0.00,12,100.00,0),('山西','运城',0,19,0,0,0.00,19,100.00,0),('山西','忻州',0,7,0,0,0.00,7,100.00,0),('山西','晋城',0,10,0,0,0.00,10,100.00,0),('山西','长治',0,8,0,0,0.00,8,100.00,0),('山西','朔州',0,8,0,0,0.00,8,100.00,0),('山西','临汾',0,2,0,0,0.00,2,100.00,0),('山西','阳泉',0,4,0,0,0.00,4,100.00,0),('山西','吕梁',0,6,0,0,0.00,6,100.00,0),('河南','境外输入',5,30,0,0,0.00,25,83.33,0),('河南','许昌',0,39,0,1,2.56,38,97.44,0),('河南','地区待确认',0,0,0,0,0.00,0,0.00,0),('河南','周口',0,76,0,1,1.32,75,98.68,0),('河南','南阳',0,156,0,3,1.92,153,98.08,0),('河南','信阳',0,274,0,2,0.73,272,99.27,0),('河南','郑州',0,157,0,5,3.18,152,96.82,0),('河南','济源示范区',0,5,0,0,0.00,5,100.00,0),('河南','新乡',0,57,0,3,5.26,54,94.74,0),('河南','安阳',0,53,0,0,0.00,53,100.00,0),('河南','漯河',0,36,0,0,0.00,36,100.00,0),('河南','商丘',0,91,0,3,3.30,88,96.70,0),('河南','驻马店',0,139,0,0,0.00,139,100.00,0),('河南','焦作',0,32,0,1,3.12,31,96.88,0),('河南','开封',0,26,0,0,0.00,26,100.00,0),('河南','平顶山',0,58,0,1,1.72,57,98.28,0),('河南','洛阳',0,31,0,1,3.23,30,96.77,0),('河南','濮阳',0,17,0,0,0.00,17,100.00,0),('河南','鹤壁',0,19,0,0,0.00,19,100.00,0),('河南','三门峡',0,7,0,1,14.29,6,85.71,0),('湖南','境外输入',5,8,0,0,0.00,3,37.50,0),('湖南','张家界',0,5,0,0,0.00,5,100.00,0),('湖南','娄底',0,76,0,0,0.00,76,100.00,0),('湖南','怀化',0,40,0,0,0.00,40,100.00,0),('湖南','永州',0,44,0,0,0.00,44,100.00,0),('湖南','郴州',0,39,0,0,0.00,39,100.00,0),('湖南','益阳',0,60,0,0,0.00,60,100.00,0),('湖南','湘西自治州',0,8,0,0,0.00,8,100.00,0),('湖南','常德',0,82,0,0,0.00,82,100.00,0),('湖南','岳阳',0,156,0,1,0.64,155,99.36,0),('湖南','邵阳',0,102,0,1,0.98,101,99.02,0),('湖南','湘潭',0,36,0,0,0.00,36,100.00,0),('湖南','株洲',0,80,0,0,0.00,80,100.00,0),('湖南','衡阳',0,48,0,0,0.00,48,100.00,0),('湖南','长沙',0,242,0,2,0.83,240,99.17,0),('江苏','境外输入',4,57,0,0,0.00,53,92.98,0),('江苏','徐州',0,79,0,0,0.00,79,100.00,0),('江苏','宿迁',0,13,0,0,0.00,13,100.00,0),('江苏','南通',0,40,0,0,0.00,40,100.00,0),('江苏','苏州',0,87,0,0,0.00,87,100.00,0),('江苏','南京',0,93,0,0,0.00,93,100.00,0),('江苏','无锡',0,55,0,0,0.00,55,100.00,0),('江苏','盐城',0,27,0,0,0.00,27,100.00,0),('江苏','连云港',0,48,0,0,0.00,48,100.00,0),('江苏','淮安',0,66,0,0,0.00,66,100.00,0),('江苏','镇江',0,12,0,0,0.00,12,100.00,0),('江苏','常州',0,51,0,0,0.00,51,100.00,0),('江苏','扬州',0,23,0,0,0.00,23,100.00,0),('江苏','泰州',0,37,0,0,0.00,37,100.00,0),('山东','境外输入',2,88,0,0,0.00,86,97.73,0),('山东','青岛',1,80,0,1,1.25,78,97.50,0),('山东','潍坊',0,44,0,0,0.00,44,100.00,0),('山东','济南',0,47,0,0,0.00,47,100.00,0),('山东','威海',0,38,0,1,2.63,37,97.37,0),('山东','淄博',0,30,0,1,3.33,29,96.67,0),('山东','枣庄',0,24,0,0,0.00,24,100.00,0),('山东','烟台',0,47,0,0,0.00,47,100.00,0),('山东','济宁',0,260,0,0,0.00,260,100.00,0),('山东','日照',0,16,0,0,0.00,16,100.00,0),('山东','泰安',0,35,0,2,5.71,33,94.29,0),('山东','临沂',0,49,0,0,0.00,49,100.00,0),('山东','德州',0,37,0,2,5.41,35,94.59,0),('山东','聊城',0,38,0,0,0.00,38,100.00,0),('山东','滨州',0,15,0,0,0.00,15,100.00,0),('山东','菏泽',0,18,0,0,0.00,18,100.00,0),('广西','境外输入',2,14,0,0,0.00,12,85.71,0),('广西','南宁',1,56,0,0,0.00,55,98.21,0),('广西','桂林',0,32,0,0,0.00,32,100.00,0),('广西','来宾',0,11,0,0,0.00,11,100.00,0),('广西','柳州',0,24,0,0,0.00,24,100.00,0),('广西','防城港',0,19,0,0,0.00,19,100.00,0),('广西','河池',0,28,0,1,3.57,27,96.43,0),('广西','北海',0,44,0,1,2.27,43,97.73,0),('广西','玉林',0,11,0,0,0.00,11,100.00,0),('广西','钦州',0,8,0,0,0.00,8,100.00,0),('广西','贵港',0,8,0,0,0.00,8,100.00,0),('广西','梧州',0,5,0,0,0.00,5,100.00,0),('广西','百色',0,3,0,0,0.00,3,100.00,0),('广西','贺州',0,4,0,0,0.00,4,100.00,0),('云南','境外输入',1,57,0,0,0.00,56,98.25,0),('云南','昭通市',0,25,0,0,0.00,25,100.00,0),('云南','德宏州',0,5,0,0,0.00,5,100.00,0),('云南','昆明',0,53,0,0,0.00,53,100.00,0),('云南','保山市',0,9,0,0,0.00,9,100.00,0),('云南','玉溪',0,14,0,1,7.14,13,92.86,0),('云南','红河',0,9,0,0,0.00,9,100.00,0),('云南','曲靖',0,13,0,0,0.00,13,100.00,0),('云南','大理',0,13,0,0,0.00,13,100.00,0),('云南','西双版纳州',0,15,0,1,6.67,14,93.33,0),('云南','文山州',0,2,0,0,0.00,2,100.00,0),('云南','普洱',0,4,0,0,0.00,4,100.00,0),('云南','楚雄州',0,4,0,0,0.00,4,100.00,0),('云南','丽江市',0,7,0,0,0.00,7,100.00,0),('云南','临沧',0,1,0,0,0.00,1,100.00,0),('湖北','境外输入',1,15,0,0,0.00,14,93.33,0),('湖北','黄石',0,1015,0,39,3.84,976,96.16,0),('湖北','襄阳',0,1175,0,40,3.40,1135,96.60,0),('湖北','宜昌',0,931,0,37,3.97,894,96.03,0),('湖北','荆州',0,1580,0,52,3.29,1528,96.71,0),('湖北','黄冈',0,2907,0,125,4.30,2782,95.70,0),('湖北','十堰',0,672,0,8,1.19,664,98.81,0),('湖北','孝感',0,3518,0,129,3.67,3389,96.33,0),('湖北','仙桃',0,575,0,22,3.83,553,96.17,0),('湖北','随州',0,1307,0,45,3.44,1262,96.56,0),('湖北','武汉',0,50340,0,3869,7.69,46471,92.31,0),('湖北','咸宁',0,836,0,15,1.79,821,98.21,0),('湖北','鄂州',0,1394,0,59,4.23,1335,95.77,0),('湖北','天门',0,496,0,15,3.02,481,96.98,0),('湖北','潜江',0,198,0,9,4.55,189,95.45,0),('湖北','恩施州',0,252,0,7,2.78,245,97.22,0),('湖北','神农架',0,11,0,0,0.00,11,100.00,0),('湖北','荆门',0,928,0,41,4.42,887,95.58,0),('澳门','地区待确认',1,47,0,0,0.00,46,97.87,0),('安徽','境外输入',1,3,0,0,0.00,2,66.67,0),('安徽','黄山',0,9,0,0,0.00,9,100.00,0),('安徽','宣城',0,6,0,0,0.00,6,100.00,0),('安徽','池州',0,17,0,0,0.00,17,100.00,0),('安徽','亳州',0,108,0,0,0.00,108,100.00,0),('安徽','六安',0,69,0,0,0.00,69,100.00,0),('安徽','宿州',0,41,0,0,0.00,41,100.00,0),('安徽','滁州',0,13,0,0,0.00,13,100.00,0),('安徽','阜阳',0,156,0,0,0.00,156,100.00,0),('安徽','安庆',0,83,0,0,0.00,83,100.00,0),('安徽','铜陵',0,29,0,0,0.00,29,100.00,0),('安徽','淮北',0,27,0,0,0.00,27,100.00,0),('安徽','马鞍山',0,38,0,0,0.00,38,100.00,0),('安徽','淮南',0,27,0,0,0.00,27,100.00,0),('安徽','蚌埠',0,160,0,5,3.12,155,96.88,0),('安徽','芜湖',0,34,0,0,0.00,34,100.00,0),('安徽','合肥',0,174,0,1,0.57,173,99.43,0),('重庆','境外输入',1,15,0,0,0.00,14,93.33,0),('重庆','涪陵区',0,5,0,0,0.00,5,100.00,0),('重庆','大足区',0,14,0,0,0.00,14,100.00,0),('重庆','荣昌区',0,9,0,0,0.00,9,100.00,0),('重庆','长寿区',0,22,0,0,0.00,22,100.00,0),('重庆','南岸区',0,15,0,0,0.00,15,100.00,0),('重庆','铜梁区',0,10,0,0,0.00,10,100.00,0),('重庆','九龙坡区',0,21,0,1,4.76,20,95.24,0),('重庆','沙坪坝区',0,9,0,0,0.00,9,100.00,0),('重庆','潼南区',0,18,0,0,0.00,18,100.00,0),('重庆','江北区',0,28,0,0,0.00,28,100.00,0),('重庆','丰都县',0,10,0,0,0.00,10,100.00,0),('重庆','万州区',0,118,0,4,3.39,114,96.61,0),('重庆','两江新区',0,17,0,0,0.00,17,100.00,0),('重庆','巴南区',0,6,0,0,0.00,6,100.00,0),('重庆','渝中区',0,20,0,0,0.00,20,100.00,0),('重庆','垫江县',0,20,0,0,0.00,20,100.00,0),('重庆','云阳县',0,25,0,0,0.00,25,100.00,0),('重庆','奉节县',0,22,0,0,0.00,22,100.00,0),('重庆','石柱县',0,15,0,0,0.00,15,100.00,0),('重庆','綦江区',0,23,0,0,0.00,23,100.00,0),('重庆','渝北区',0,17,0,0,0.00,17,100.00,0),('重庆','彭水县',0,2,0,0,0.00,2,100.00,0),('重庆','忠县',0,21,0,0,0.00,21,100.00,0),('重庆','开州区',0,21,0,1,4.76,20,95.24,0),('重庆','合川区',0,23,0,0,0.00,23,100.00,0),('重庆','大渡口区',0,7,0,0,0.00,7,100.00,0),('重庆','巫溪县',0,14,0,0,0.00,14,100.00,0),('重庆','巫山县',0,10,0,0,0.00,10,100.00,0),('重庆','万盛经开区',0,1,0,0,0.00,1,100.00,0),('重庆','酉阳县',0,1,0,0,0.00,1,100.00,0),('重庆','璧山区',0,9,0,0,0.00,9,100.00,0),('重庆','高新区',0,4,0,0,0.00,4,100.00,0),('重庆','永川区',0,5,0,0,0.00,5,100.00,0),('重庆','江津区',0,4,0,0,0.00,4,100.00,0),('重庆','武隆区',0,1,0,0,0.00,1,100.00,0),('重庆','梁平区',0,4,0,0,0.00,4,100.00,0),('重庆','城口县',0,2,0,0,0.00,2,100.00,0),('重庆','黔江区',0,2,0,0,0.00,2,100.00,0),('重庆','秀山县',0,1,0,0,0.00,1,100.00,0),('新疆','喀什',0,80,0,0,0.00,80,100.00,0),('新疆','乌鲁木齐',0,845,0,0,0.00,845,100.00,0),('新疆','地区待确认',0,1,0,0,0.00,1,100.00,0),('新疆','昌吉州',0,5,0,0,0.00,5,100.00,0),('新疆','兵团第九师',0,4,0,1,25.00,3,75.00,0),('新疆','吐鲁番',0,3,0,0,0.00,3,100.00,0),('新疆','第八师石河子',0,4,0,1,25.00,3,75.00,0),('新疆','兵团第四师',0,10,0,1,10.00,9,90.00,0),('新疆','伊犁州',0,18,0,0,0.00,18,100.00,0),('新疆','六师五家渠',0,2,0,0,0.00,2,100.00,0),('新疆','兵团第十二师',0,3,0,0,0.00,3,100.00,0),('新疆','巴州',0,3,0,0,0.00,3,100.00,0),('新疆','第七师',0,1,0,0,0.00,1,100.00,0),('新疆','阿克苏',0,1,0,0,0.00,1,100.00,0),('青海','海北州',0,3,0,0,0.00,3,100.00,0),('青海','西宁',0,15,0,0,0.00,15,100.00,0),('宁夏','境外输入',0,3,0,0,0.00,3,100.00,0),('宁夏','银川',0,34,0,0,0.00,34,100.00,0),('宁夏','吴忠',0,28,0,0,0.00,28,100.00,0),('宁夏','固原',0,5,0,0,0.00,5,100.00,0),('宁夏','中卫',0,3,0,0,0.00,3,100.00,0),('宁夏','石嘴山',0,1,0,0,0.00,1,100.00,0),('宁夏','宁东管委会',0,1,0,0,0.00,1,100.00,0),('西藏','拉萨',0,1,0,0,0.00,1,100.00,0),('江西','境外输入',0,5,0,0,0.00,5,100.00,0),('江西','新余',0,129,0,0,0.00,129,100.00,0),('江西','赣州',0,74,0,1,1.35,73,98.65,0),('江西','九江',0,116,0,0,0.00,116,100.00,0),('江西','南昌',0,230,0,0,0.00,230,100.00,0),('江西','上饶',0,123,0,0,0.00,123,100.00,0),('江西','抚州',0,72,0,0,0.00,72,100.00,0),('江西','吉安',0,22,0,0,0.00,22,100.00,0),('江西','萍乡',0,33,0,0,0.00,33,100.00,0),('江西','宜春',0,106,0,0,0.00,106,100.00,0),('江西','鹰潭',0,18,0,0,0.00,18,100.00,0),('江西','景德镇',0,6,0,0,0.00,6,100.00,0),('江西','赣江新区',0,1,0,0,0.00,1,100.00,0),('贵州','境外输入',0,1,0,0,0.00,1,100.00,0),('贵州','贵阳',0,36,0,1,2.78,35,97.22,0),('贵州','遵义',0,32,0,0,0.00,32,100.00,0),('贵州','六盘水',0,10,0,1,10.00,9,90.00,0),('贵州','毕节',0,23,0,0,0.00,23,100.00,0),('贵州','黔南州',0,17,0,0,0.00,17,100.00,0),('贵州','安顺',0,4,0,0,0.00,4,100.00,0),('贵州','黔东南州',0,10,0,0,0.00,10,100.00,0),('贵州','铜仁',0,10,0,0,0.00,10,100.00,0),('贵州','黔西南州',0,4,0,0,0.00,4,100.00,0),('海南','境外输入',0,2,0,0,0.00,2,100.00,0),('海南','三亚',0,55,0,1,1.82,54,98.18,0),('海南','海口',0,39,0,0,0.00,39,100.00,0),('海南','儋州',0,15,0,1,6.67,14,93.33,0),('海南','东方',0,3,0,1,33.33,2,66.67,0),('海南','万宁',0,13,0,0,0.00,13,100.00,0),('海南','澄迈县',0,9,0,1,11.11,8,88.89,0),('海南','昌江县',0,7,0,0,0.00,7,100.00,0),('海南','保亭',0,3,0,0,0.00,3,100.00,0),('海南','琼海',0,6,0,1,16.67,5,83.33,0),('海南','临高县',0,6,0,0,0.00,6,100.00,0),('海南','陵水县',0,4,0,0,0.00,4,100.00,0),('海南','乐东',0,2,0,0,0.00,2,100.00,0),('海南','文昌',0,3,0,0,0.00,3,100.00,0),('海南','定安县',0,3,0,1,33.33,2,66.67,0),('海南','琼中县',0,1,0,0,0.00,1,100.00,0),('甘肃','境外输入',0,90,0,0,0.00,90,100.00,0),('甘肃','兰州',0,37,0,2,5.41,35,94.59,0),('甘肃','定西',0,9,0,0,0.00,9,100.00,0),('甘肃','地区待确认',0,0,0,0,0.00,0,0.00,0),('甘肃','平凉',0,9,0,0,0.00,9,100.00,0),('甘肃','庆阳',0,3,0,0,0.00,3,100.00,0),('甘肃','白银',0,4,0,0,0.00,4,100.00,0),('甘肃','甘南州',0,8,0,0,0.00,8,100.00,0),('甘肃','天水',0,12,0,0,0.00,12,100.00,0),('甘肃','陇南',0,4,0,0,0.00,4,100.00,0),('甘肃','临夏',0,3,0,0,0.00,3,100.00,0),('甘肃','张掖',0,2,0,0,0.00,2,100.00,0),('甘肃','金昌',0,1,0,0,0.00,1,100.00,0);

/*Table structure for table `foreign_city_total` */

DROP TABLE IF EXISTS `foreign_city_total`;

CREATE TABLE `foreign_city_total` (
  `国家` varchar(255) DEFAULT NULL,
  `城市` varchar(255) DEFAULT NULL,
  `更新时间` varchar(255) DEFAULT NULL,
  `地图名称` varchar(255) DEFAULT NULL,
  `确诊增加人数` int(11) DEFAULT NULL,
  `死亡增加人数` int(11) DEFAULT NULL,
  `确诊人数` int(11) DEFAULT NULL,
  `疑似人数` int(11) DEFAULT NULL,
  `死亡人数` int(11) DEFAULT NULL,
  `治愈人数` int(11) DEFAULT NULL,
  `国家现确诊人数` int(11) DEFAULT NULL
) ENGINE=InnoDB DEFAULT CHARSET=utf8 ROW_FORMAT=DYNAMIC;

/*Data for the table `foreign_city_total` */

insert  into `foreign_city_total`(`国家`,`城市`,`更新时间`,`地图名称`,`确诊增加人数`,`死亡增加人数`,`确诊人数`,`疑似人数`,`死亡人数`,`治愈人数`,`国家现确诊人数`) values ('美国','加利福尼亚','01.22','California',0,0,3103836,0,35766,1373151,9674810),('美国','德克萨斯','01.22','Texas',0,0,2214767,0,34165,1799514,9674810),('美国','佛罗里达','01.22','Florida',0,0,1613884,0,24739,818636,9674810),('美国','纽约','01.22','New York',0,0,1328973,0,41848,514217,9674810),('美国','伊利诺伊','01.22','Illinois',0,0,1086333,0,20423,868632,9674810),('美国','俄亥俄州','01.22','Ohio',0,0,849704,0,10519,712864,9674810),('美国','乔治亚','01.22','Georgia',0,0,844799,0,12889,374886,9674810),('美国','宾夕法尼亚','01.22','Pennsylvania',0,0,794659,0,20174,615290,9674810),('美国','亚利桑那','01.22','Arizona',0,0,699942,0,11772,95230,9674810),('美国','北卡罗来纳','01.22','North Carolina',0,0,698099,0,8339,579573,9674810),('美国','田纳西','01.22','Tennessee',0,0,697783,0,8684,639444,9674810),('美国','新泽西','01.22','New Jersey',0,0,646189,0,20766,342432,9674810),('美国','印第安纳','01.22','Indiana',0,0,601937,0,9593,387324,9674810),('美国','密歇根州','01.22','Michigan',0,0,592382,0,14933,442408,9674810),('美国','威斯康星','01.22','Wisconsin',0,0,528101,0,5607,498368,9674810),('美国','马萨诸塞','01.22','Massachusetts',0,0,486180,0,13906,383345,9674810),('美国','密苏里州','01.22','Missouri',0,0,481014,0,7089,167561,9674810),('美国','弗吉尼亚','01.22','Virginia',0,0,459604,0,5940,36379,9674810),('美国','明尼苏达','01.22','Minnesota',0,0,450762,0,6079,433722,9674810),('美国','阿拉巴马州','01.22','Alabama',0,0,432536,0,6379,233211,9674810),('美国','南卡罗来纳州','01.22','South Carolina',0,0,404492,0,6377,181322,9674810),('美国','科罗拉多','01.22','Colorado',0,0,381210,0,5440,89183,9674810),('美国','路易斯安那州','01.22','Louisiana',0,0,378318,0,8442,320025,9674810),('美国','俄克拉荷马','01.22','Oklahoma',0,0,363046,0,3140,327135,9674810),('美国','肯塔基','01.22','Kentucky',0,0,338034,0,3301,41469,9674810),('美国','马里兰','01.22','Maryland',0,0,334519,0,6735,9459,9674810),('美国','犹他','01.22','Utah',0,0,330469,0,1547,276793,9674810),('美国','爱荷华州','01.22','Iowa',0,0,309645,0,4445,272025,9674810),('美国','华盛顿州','01.22','Washington',0,0,299556,0,4148,135114,9674810),('美国','阿肯色州','01.22','Arkansas',0,0,279220,0,4496,254076,9674810),('美国','内华达','01.22','Nevada',0,0,266343,0,3910,154323,9674810),('美国','堪萨斯州','01.22','Kansas',0,0,265784,0,3576,0,9674810),('美国','密西西比州','01.22','Mississippi',0,0,259117,0,5668,207769,9674810),('美国','康涅狄格','01.22','Connecticut',0,0,235796,0,6774,58214,9674810),('美国','美军','01.22','US Military',0,0,202720,0,218,124994,9674810),('美国','退伍军人事务部','01.22','Veteran Affairs',0,0,196586,0,8232,172958,9674810),('美国','内布拉斯加','01.22','Nebraska',0,0,184482,0,1862,129608,9674810),('美国','新墨西哥州','01.22','New Mexico',0,0,166823,0,3044,91096,9674810),('美国','爱达荷州','01.22','Idaho',0,0,158200,0,1654,74269,9674810),('美国','波多黎各','01.22','Puerto Rico',0,0,152061,0,1732,73760,9674810),('美国','俄勒冈','01.22','Oregon',0,0,135973,0,1843,0,9674810),('美国','西弗吉尼亚','01.22','West Virginia',0,0,112617,0,1849,85031,9674810),('美国','罗德岛','01.22','Rhode Island',0,0,108786,0,2076,6553,9674810),('美国','南达科塔州','01.22','South Dakota',0,0,106391,0,1673,100638,9674810),('美国','北达科他州','01.22','North Dakota',0,0,96370,0,1400,93801,9674810),('美国','蒙大拿','01.22','Montana',0,0,90649,0,1100,84708,9674810),('美国','特拉华州','01.22','Delaware',0,0,72523,0,1027,0,9674810),('美国','新罕布什尔','01.22','New Hampshire',0,0,60294,0,962,53128,9674810),('美国','阿拉斯加州','01.22','Alaska',0,0,50941,0,252,0,9674810),('美国','联邦监狱局','01.22','Federal Prisons',0,0,50710,0,205,44953,9674810),('美国','怀俄明州','01.22','Wyoming',0,0,50424,0,550,47964,9674810),('美国','缅因州','01.22','Maine',0,0,35638,0,536,12128,9674810),('美国','华盛顿特区','01.22','District Of Columbia',0,0,34612,0,864,24251,9674810),('美国','纳瓦霍族保留地','01.22','Navajo Nation',0,0,26782,0,940,13762,9674810),('美国','夏威夷','01.22','Hawaii',0,0,24739,0,328,13182,9674810),('美国','佛蒙特','01.22','Vermont',0,0,10580,0,168,7083,9674810),('美国','关岛','01.22','Guam',0,0,7528,0,128,7279,9674810),('美国','美属维尔京群岛','01.22','United States Virgin Islands',0,0,2321,0,24,2190,9674810),('美国','北马里亚纳群岛','01.22','Northern Mariana Islands',0,0,129,0,2,0,9674810),('美国','至尊公主号邮轮','10.16','',0,0,103,0,3,0,9674810),('美国','钻石公主号邮轮','10.19','Diamond Princess Ship',0,0,46,0,0,0,9674810),('美国','撤回侨民','10.19','',0,0,3,0,0,0,9674810),('美国','地区待确认','04.02','',0,0,0,0,0,0,9674810),('意大利','伦巴第','01.22','Lombardia',0,0,520395,0,26460,440880,73880),('意大利','威尼托','01.22','Veneto',0,0,302489,0,8364,240568,73880),('意大利','皮埃蒙特','01.22','Piemonte',0,0,215278,0,8525,193160,73880),('意大利','坎帕尼亚','01.22','Campania',0,0,210697,0,3511,136008,73880),('意大利','艾米利亚-罗马涅','01.22','Emilia-Romagna',0,0,206578,0,9008,145533,73880),('意大利','拉齐奥','01.22','Lazio',0,0,194199,0,4571,116943,73880),('意大利','托斯卡纳','01.22','Toscana',0,0,129384,0,4052,117029,73880),('意大利','西西里','01.22','Sicilia',0,0,126364,0,3129,76337,73880),('意大利','阿普利亚','01.22','Puglia',0,0,113115,0,2943,55388,73880),('意大利','利古里亚','01.22','Liguria',0,0,66789,0,3183,59003,73880),('意大利','弗留利-威尼斯-朱利亚','01.22','Friuli Venezia Giulia',0,0,62702,0,2183,48339,73880),('意大利','马尔凯','01.22','Marche',0,0,51544,0,1841,41629,73880),('意大利','阿布鲁佐','01.22','Abruzzo',0,0,40025,0,1358,28007,73880),('意大利','撒丁岛','01.22','Sardegna',0,0,36473,0,927,18430,73880),('意大利','博尔扎诺','01.22','P.A. Bolzano',0,0,35127,0,831,21473,73880),('意大利','翁布里亚','01.22','Umbria',0,0,33185,0,723,27741,73880),('意大利','卡拉布里亚','01.22','Calabria',0,0,30091,0,552,19571,73880),('意大利','特伦蒂诺-上阿迪杰','01.22','P.A. Trento',0,0,25714,0,1092,22616,73880),('意大利','巴西利卡塔','01.22','Basilicata',0,0,12684,0,306,5437,73880),('意大利','瓦莱达奥斯塔','01.22','Valle d\'Aosta',0,0,7696,0,400,6955,73880),('意大利','莫利塞','01.22','Molise',0,0,7692,0,243,6404,73880),('意大利','地区待确认','03.30','',0,0,0,0,0,0,73880),('伊朗','地区待确认','03.30','',0,0,19857,0,2757,13911,27052),('伊朗','德黑兰省','03.23','Tehran',0,0,5098,0,0,0,27052),('伊朗','伊斯法罕省','03.23','Esfahan',0,0,1979,0,0,0,27052),('伊朗','马赞德兰省','03.23','Mazandaran',0,0,1700,0,0,0,27052),('伊朗','吉兰省','03.23','Gilan',0,0,1191,0,0,0,27052),('伊朗','库姆省','03.23','Qom',0,0,1178,0,0,0,27052),('伊朗','厄尔布尔士省','03.23','Alborz',0,0,1177,0,0,0,27052),('伊朗','中央省','03.23','Markazi',0,0,882,0,0,0,27052),('伊朗','拉扎维霍拉桑省','03.23','Razavi Khorasan',0,0,858,0,0,0,27052),('伊朗','东阿塞拜疆省','03.23','East Azarbaijan',0,0,813,0,0,0,27052),('伊朗','亚兹德省','03.23','Yazd',0,0,725,0,0,0,27052),('伊朗','加兹温省','03.23','Qazvin',0,0,669,0,0,0,27052),('伊朗','塞姆南省','03.23','Semnan',0,0,645,0,0,0,27052),('伊朗','法尔斯省','03.23','Fars',0,0,505,0,0,0,27052),('伊朗','洛雷斯坦省','03.23','Lorestan',0,0,476,0,0,0,27052),('伊朗','胡泽斯坦省','03.23','Khuzestan',0,0,444,0,0,0,27052),('伊朗','西阿塞拜疆省','03.23','West Azarbaijan',0,0,395,0,0,0,27052),('伊朗','赞詹省','03.23','Zanjan',0,0,394,0,0,0,27052),('伊朗','古列斯坦省','03.23','Golestan',0,0,391,0,0,0,27052),('伊朗','阿尔达比勒省','03.23','Ardebil',0,0,289,0,0,0,27052),('伊朗','哈马丹省','03.23','Hamadan',0,0,243,0,0,0,27052),('伊朗','库尔德斯坦省','03.23','Kordestan',0,0,238,0,0,0,27052),('伊朗','伊拉姆省','03.23','Ilam',0,0,183,0,0,0,27052),('伊朗','南霍拉桑省','03.23','South Khorasan',0,0,178,0,0,0,27052),('伊朗','克尔曼沙省','03.23','Kermanshah',0,0,175,0,0,0,27052),('伊朗','克尔曼省','03.23','Kerman',0,0,169,0,0,0,27052),('伊朗','北霍拉桑省','03.23','North Khorasan',0,0,165,0,0,0,27052),('伊朗','霍尔木兹甘省','03.23','Hormozgan',0,0,148,0,0,0,27052),('伊朗','锡斯坦俾路支斯坦省','03.23','Sistan and Baluchestan',0,0,134,0,0,0,27052),('伊朗','科吉卢耶博韦艾哈迈德省','03.23','Kohgiluyeh and Buyer Ahmad',0,0,73,0,0,0,27052),('伊朗','恰马哈勒巴赫蒂亚里省','03.23','Chahar Mahall and Bakhtiari',0,0,68,0,0,0,27052),('伊朗','布什尔省','03.23','Bushehr',0,0,55,0,0,0,27052),('日本本土','东京','01.22','Tokyo',0,0,90727,0,758,68901,1300),('日本本土','大阪府','01.22','Osaka',0,0,40059,0,796,32604,1300),('日本本土','神奈川县','01.22','Kanagawa',0,0,36376,0,386,29569,1300),('日本本土','埼玉县','01.22','Saitama',0,0,22409,0,293,16201,1300),('日本本土','爱知县','01.22','Aichi',0,0,22204,0,346,17940,1300),('日本本土','千叶县','01.22','Chiba',0,0,19054,0,194,12708,1300),('日本本土','北海道','01.22','Hokkaido',0,0,16318,0,557,14001,1300),('日本本土','兵库县','01.22','Hyogo',0,0,14750,0,330,11912,1300),('日本本土','福冈县','01.22','Fukuoka',0,0,14391,0,157,9832,1300),('日本本土','京都府','01.22','Kyoto',0,0,7393,0,93,5433,1300),('日本本土','冲绳县','01.22','Okinawa',0,0,6774,0,90,5808,1300),('日本本土','广岛县','01.22','Hiroshima',0,0,4534,0,77,3863,1300),('日本本土','茨城县','01.22','Ibaraki',0,0,4109,0,48,3144,1300),('日本本土','静冈县','01.22','Shizuoka',0,0,4100,0,64,3110,1300),('日本本土','岐阜县','01.22','Gifu',0,0,3730,0,59,2934,1300),('日本本土','群马县','01.22','Gunma',0,0,3492,0,64,2841,1300),('日本本土','栃木县','01.22','Tochigi',0,0,3434,0,30,2229,1300),('日本本土','宫城县','01.22','Miyagi',0,0,3182,0,22,2549,1300),('日本本土','熊本县','01.22','Kumamoto',0,0,3117,0,50,2243,1300),('日本本土','奈良县','01.22','Nara',0,0,2710,0,33,2289,1300),('日本本土','冈山县','01.22','Okayama',0,0,2191,0,17,1434,1300),('日本本土','长野县','01.22','Nagano',0,0,2102,0,25,1662,1300),('日本本土','三重县','01.22','Mie',0,0,1881,0,25,1496,1300),('日本本土','滋贺县','01.22','Shiga',0,0,1868,0,20,1438,1300),('日本本土','宫崎县','01.22','Miyazaki',0,0,1675,0,14,1275,1300),('日本本土','福岛县','01.22','Fukushima',0,0,1548,0,36,1161,1300),('日本本土','鹿儿岛县','01.22','Kagoshima',0,0,1483,0,17,1236,1300),('日本本土','石川县','01.22','Ishikawa',0,0,1395,0,57,1145,1300),('日本本土','长崎县','01.22','Nagasaki',0,0,1359,0,18,920,1300),('日本本土','检疫等工作人员','10.14','',0,0,1055,0,0,0,1300),('日本本土','山口县','01.22','Yamaguchi',0,0,1003,0,6,740,1300),('日本本土','大分县','01.22','Oita',0,0,988,0,12,803,1300),('日本本土','和歌山县','01.22','Wakayama',0,0,948,0,11,769,1300),('日本本土','爱媛县','01.22','Ehime',0,0,891,0,17,640,1300),('日本本土','山梨县','01.22','Yamanashi',0,0,876,0,13,720,1300),('日本本土','佐贺县','01.22','Saga',0,0,868,0,6,605,1300),('日本本土','富山县','01.22','Toyama',0,0,835,0,27,676,1300),('日本本土','高知县','01.22','Kochi',0,0,813,0,13,731,1300),('日本本土','新潟县','01.22','Niigata',0,0,808,0,7,652,1300),('日本本土','青森县','01.22','Aomori',0,0,666,0,9,570,1300),('日本本土','香川县','01.22','Kagawa',0,0,567,0,9,368,1300),('日本本土','福井县','01.22','Fukui',0,0,471,0,13,378,1300),('日本本土','山形县','01.22','Yamagata',0,0,456,0,13,401,1300),('日本本土','德岛县','01.22','Tokushima',0,0,338,0,11,220,1300),('日本本土','岛根县','01.22','Shimane',0,0,248,0,0,224,1300),('日本本土','秋田县','01.22','Akita',0,0,229,0,1,169,1300),('日本本土','鸟取县','01.22','Tottori',0,0,187,0,2,132,1300),('日本本土','武汉包机回国者','10.14','',0,0,173,0,2,0,1300),('日本本土','岩手县','10.14','',0,0,25,0,0,0,1300),('日本本土','地区待确认','10.15','',0,0,0,0,0,0,1300);

/*Table structure for table `foreign_country_total` */

DROP TABLE IF EXISTS `foreign_country_total`;

CREATE TABLE `foreign_country_total` (
  `国家` varchar(255) DEFAULT NULL,
  `大陆` varchar(255) DEFAULT NULL,
  `更新时间` varchar(255) DEFAULT NULL,
  `确诊增加人数` int(11) DEFAULT NULL,
  `死亡增加人数` int(11) DEFAULT NULL,
  `确诊人数` int(11) DEFAULT NULL,
  `疑似人数` int(11) DEFAULT NULL,
  `死亡人数` int(11) DEFAULT NULL,
  `治愈人数` int(11) DEFAULT NULL,
  `现确诊人数` int(11) DEFAULT NULL
) ENGINE=InnoDB DEFAULT CHARSET=utf8;

/*Data for the table `foreign_country_total` */

insert  into `foreign_country_total`(`国家`,`大陆`,`更新时间`,`确诊增加人数`,`死亡增加人数`,`确诊人数`,`疑似人数`,`死亡人数`,`治愈人数`,`现确诊人数`) values ('美国','北美洲','2021.01.22',193758,0,25196086,0,420285,15100991,9674810),('西班牙','欧洲','2021.01.22',44357,0,2560587,0,55041,196958,2308588),('法国','欧洲','2020.12.13',0,0,2405255,0,57671,181581,2166003),('秘鲁','南美洲','2020.08.02',0,0,422183,0,19408,290835,111940),('英国','欧洲','2020.04.17',0,0,104145,0,13759,375,90011),('意大利','欧洲','2020.03.30',0,0,97689,0,10779,13030,73880),('德国','欧洲','2020.03.30',0,0,63929,0,560,9211,54158),('伊朗','亚洲','2020.03.31',0,0,44606,0,2898,14656,27052),('加拿大','北美洲','2020.04.25',0,0,44526,0,2386,15479,26661),('瑞士','欧洲','2020.03.30',0,0,15526,0,312,1823,13391),('奥地利','欧洲','2020.04.17',0,0,14476,0,410,8986,5080),('比利时','欧洲','2020.03.30',0,0,11899,0,513,1527,9859),('荷兰','欧洲','2020.03.30',0,0,11814,0,864,253,10697),('韩国','亚洲','2020.04.02',0,0,9976,0,169,5828,3979),('土耳其','亚洲','2020.03.30',0,0,9217,0,131,105,8981),('塞尔维亚','欧洲','2020.04.30',0,0,8724,0,173,1292,7259),('葡萄牙','欧洲','2020.03.30',0,0,6408,0,140,43,6225),('以色列','亚洲','2020.03.30',0,0,4347,0,15,139,4193),('挪威','欧洲','2020.03.30',0,0,4284,0,26,7,4251),('巴西','南美洲','2020.03.30',0,0,4256,0,136,6,4114),('澳大利亚','大洋洲','2020.03.30',0,0,4245,0,18,244,3983),('瑞典','欧洲','2020.03.30',0,0,3700,0,110,16,3574),('捷克','欧洲','2020.03.30',0,0,2817,0,16,11,2790),('丹麦','欧洲','2020.03.30',0,0,2724,0,72,73,2579),('马来西亚','亚洲','2020.03.30',0,0,2626,0,37,479,2110),('爱尔兰','欧洲','2020.03.30',0,0,2615,0,46,5,2564),('智利','南美洲','2020.03.30',0,0,2449,0,8,156,2285),('卢森堡','欧洲','2020.03.30',0,0,1988,0,22,40,1926),('罗马尼亚','欧洲','2020.03.30',0,0,1952,0,46,206,1700),('厄瓜多尔','南美洲','2020.03.30',0,0,1924,0,58,3,1863),('波兰','欧洲','2020.03.30',0,0,1905,0,26,7,1872),('俄罗斯','欧洲','2020.03.30',0,0,1836,0,9,66,1761),('日本本土','亚洲','2020.03.28',0,0,1724,0,52,372,1300),('巴基斯坦','亚洲','2020.03.30',0,0,1625,0,20,29,1576),('菲律宾','亚洲','2020.03.30',0,0,1546,0,78,42,1426),('泰国','亚洲','2020.03.30',0,0,1524,0,9,127,1388),('沙特阿拉伯','亚洲','2020.03.30',0,0,1453,0,8,115,1330),('印度尼西亚','亚洲','2020.03.30',0,0,1414,0,122,75,1217),('南非','非洲','2020.03.30',0,0,1280,0,2,31,1247),('芬兰','欧洲','2020.03.30',0,0,1240,0,11,10,1219),('希腊','欧洲','2020.03.29',0,0,1156,0,38,52,1066),('印度','亚洲','2020.03.30',0,0,1071,0,29,99,943),('冰岛','欧洲','2020.03.30',0,0,1020,0,2,135,883),('墨西哥','北美洲','2020.03.30',0,0,993,0,20,4,969),('巴拿马','北美洲','2020.03.30',0,0,989,0,24,4,961),('多米尼加','北美洲','2020.03.30',0,0,901,0,42,4,855),('新加坡','亚洲','2020.03.30',0,0,879,0,3,228,648),('阿根廷','南美洲','2020.03.30',0,0,820,0,80,72,668),('克罗地亚','欧洲','2020.03.30',0,0,713,0,6,55,652),('钻石号邮轮','其他','2020.03.31',0,0,712,0,11,603,98),('哥伦比亚','南美洲','2020.03.30',0,0,702,0,10,10,682),('斯洛文尼亚','欧洲','2020.03.29',0,0,684,0,9,10,665),('爱沙尼亚','欧洲','2020.03.29',0,0,645,0,1,20,624),('卡塔尔','亚洲','2020.03.30',0,0,634,0,1,48,585),('阿联酋','亚洲','2020.03.30',0,0,611,0,5,61,545),('埃及','非洲','2020.03.30',0,0,609,0,40,132,437),('新西兰','大洋洲','2020.03.30',0,0,589,0,1,56,532),('阿塞拜疆','亚洲','2020.04.05',0,0,584,0,5,32,547),('伊拉克','亚洲','2020.03.29',0,0,547,0,42,143,362),('摩洛哥','非洲','2020.03.30',0,0,516,0,27,13,476),('巴林','亚洲','2020.03.30',0,0,515,0,4,279,232),('阿尔及利亚','非洲','2020.03.30',0,0,511,0,31,32,448),('亚美尼亚','亚洲','2020.03.30',0,0,481,0,3,30,448),('乌克兰','欧洲','2020.03.30',0,0,480,0,11,6,463),('立陶宛','欧洲','2020.03.29',0,0,460,0,7,1,452),('匈牙利','欧洲','2020.03.30',0,0,447,0,15,34,398),('黎巴嫩','亚洲','2020.03.30',0,0,446,0,11,32,403),('拉脱维亚','欧洲','2020.03.30',0,0,347,0,0,1,346),('斯洛伐克','欧洲','2020.03.30',0,0,336,0,0,2,334),('安道尔','欧洲','2020.03.29',0,0,334,0,6,6,322),('波黑','欧洲','2020.03.30',0,0,324,0,6,8,310),('保加利亚','欧洲','2020.03.28',0,0,313,0,3,4,306),('突尼斯','非洲','2020.03.30',0,0,312,0,8,2,302),('乌拉圭','南美洲','2020.03.30',0,0,309,0,1,6,302),('哈萨克斯坦','亚洲','2020.03.30',0,0,302,0,1,21,280),('哥斯达黎加','北美洲','2020.03.29',0,0,295,0,2,3,290),('科威特','亚洲','2020.03.30',0,0,266,0,0,72,194),('北马其顿','欧洲','2020.03.30',0,0,259,0,6,3,250),('约旦','亚洲','2020.03.30',0,0,259,0,3,18,238),('摩尔多瓦','欧洲','2020.03.29',0,0,231,0,2,2,227),('圣马力诺','欧洲','2020.03.30',0,0,224,0,22,6,196),('布基纳法索','非洲','2020.03.30',0,0,222,0,12,23,187),('塞浦路斯','亚洲','2020.03.29',0,0,214,0,6,15,193),('阿尔巴尼亚','欧洲','2020.03.30',0,0,212,0,10,33,169),('越南','亚洲','2020.03.30',0,0,194,0,0,52,142),('阿曼','亚洲','2020.03.30',0,0,179,0,0,29,150),('科特迪瓦','非洲','2020.03.30',0,0,165,0,1,4,160),('塞内加尔','非洲','2020.03.30',0,0,162,0,0,28,134),('加纳','非洲','2020.03.29',0,0,152,0,5,2,145),('乌兹别克斯坦','亚洲','2020.03.30',0,0,149,0,2,7,140),('马耳他','欧洲','2020.03.29',0,0,149,0,0,2,147),('阿富汗','亚洲','2020.03.30',0,0,145,0,4,2,139),('喀麦隆','非洲','2020.03.30',0,0,142,0,6,5,131),('洪都拉斯','北美洲','2020.03.30',0,0,139,0,1,3,135),('文莱','亚洲','2020.03.30',0,0,127,0,1,38,88),('斯里兰卡','亚洲','2020.03.30',0,0,122,0,1,11,110),('委内瑞拉','南美洲','2020.03.29',0,0,119,0,2,39,78),('古巴','北美洲','2020.03.29',0,0,119,0,3,4,112),('尼日利亚','非洲','2020.03.30',0,0,111,0,1,3,107),('毛里求斯','非洲','2020.03.29',0,0,107,0,2,0,105),('巴勒斯坦','亚洲','2020.03.30',0,0,106,0,1,18,87),('柬埔寨','亚洲','2020.03.30',0,0,103,0,0,21,82),('格鲁吉亚','亚洲','2020.03.30',0,0,98,0,0,18,80),('白俄罗斯','欧洲','2020.03.29',0,0,94,0,0,32,62),('黑山','欧洲','2020.03.30',0,0,85,0,1,0,84),('吉尔吉斯斯坦','亚洲','2020.03.29',0,0,84,0,0,0,84),('刚果（金）','非洲','2020.03.30',0,0,81,0,8,3,70),('玻利维亚','南美洲','2020.03.29',0,0,81,0,0,0,81),('卢旺达','非洲','2020.03.30',0,0,70,0,0,0,70),('巴拉圭','南美洲','2020.03.30',0,0,64,0,3,1,60),('列支敦士登公国','欧洲','2020.03.28',0,0,56,0,0,0,56),('肯尼亚','非洲','2020.03.30',0,0,50,0,1,1,48),('孟加拉','亚洲','2020.03.30',0,0,49,0,5,19,25),('摩纳哥','欧洲','2020.03.29',0,0,43,0,0,1,42),('马达加斯加','非洲','2020.03.29',0,0,43,0,0,0,43),('赞比亚','非洲','2020.03.30',0,0,35,0,0,0,35),('危地马拉','北美洲','2020.03.29',0,0,34,0,1,10,23),('乌干达','非洲','2020.03.30',0,0,33,0,0,0,33),('多哥','非洲','2020.03.30',0,0,30,0,1,7,22),('圭亚那','南美洲','2020.03.29',0,0,28,0,1,6,21),('吉布提','非洲','2020.03.30',0,0,25,0,0,0,25),('马里','非洲','2020.03.30',0,0,25,0,2,0,23),('埃塞俄比亚','非洲','2020.03.30',0,0,23,0,0,2,21),('缅甸','亚洲','2020.04.03',0,0,20,0,1,0,19),('刚果（布）','非洲','2020.03.28',0,0,19,0,0,0,19),('坦桑尼亚','非洲','2020.03.30',0,0,19,0,0,1,18),('尼日尔','非洲','2020.03.30',0,0,18,0,1,0,17),('马尔代夫','亚洲','2020.03.30',0,0,17,0,0,11,6),('几内亚','非洲','2020.03.30',0,0,16,0,0,1,15),('赤道几内亚','非洲','2020.03.30',0,0,14,0,0,0,14),('厄立特里亚','非洲','2020.03.30',0,0,12,0,0,0,12),('蒙古','亚洲','2020.03.28',0,0,12,0,0,0,12),('纳米比亚','非洲','2020.03.29',0,0,11,0,0,0,11),('叙利亚','亚洲','2020.03.30',0,0,10,0,1,0,9),('斯威士兰','非洲','2020.03.29',0,0,9,0,0,0,9),('苏里南','南美洲','2020.03.28',0,0,8,0,0,0,8),('海地','北美洲','2020.03.28',0,0,8,0,0,0,8),('莫桑比克','非洲','2020.03.28',0,0,8,0,0,0,8),('老挝','亚洲','2020.03.29',0,0,8,0,0,0,8),('塞舌尔','非洲','2020.03.29',0,0,8,0,0,0,8),('加蓬','非洲','2020.03.27',0,0,7,0,1,0,6),('安提瓜和巴布达','北美洲','2020.03.28',0,0,7,0,0,0,7),('安哥拉','非洲','2020.03.30',0,0,7,0,2,0,5),('津巴布韦','非洲','2020.03.28',0,0,7,0,1,0,6),('苏丹','非洲','2020.03.30',0,0,6,0,1,0,5),('梵蒂冈','欧洲','2020.03.29',0,0,6,0,0,0,6),('佛得角','非洲','2020.03.29',0,0,6,0,1,0,5),('中非共和国','非洲','2020.03.28',0,0,6,0,0,0,6),('贝宁','非洲','2020.03.28',0,0,6,0,0,0,6),('毛里塔尼亚','非洲','2020.03.30',0,0,5,0,0,2,3),('尼泊尔','亚洲','2020.03.25',0,0,5,0,0,1,4),('乍得','非洲','2020.03.29',0,0,5,0,0,0,5),('不丹','亚洲','2020.03.30',0,0,4,0,0,0,4),('冈比亚','非洲','2020.03.30',0,0,4,0,1,0,3),('尼加拉瓜','北美洲','2020.03.28',0,0,4,0,1,0,3),('利比里亚','非洲','2020.03.21',0,0,3,0,0,0,3),('索马里','非洲','2020.03.27',0,0,3,0,0,0,3),('几内亚比绍','非洲','2020.03.25',0,0,2,0,0,0,2),('伯利兹','北美洲','2020.03.28',0,0,2,0,0,0,2),('东帝汶','亚洲','2020.03.21',0,0,1,0,0,0,1),('巴布亚新几内亚','大洋洲','2020.03.21',0,0,1,0,0,0,1);

/*Table structure for table `province_today` */

DROP TABLE IF EXISTS `province_today`;

CREATE TABLE `province_today` (
  `省份` varchar(255) DEFAULT NULL,
  `今日确诊` int(11) DEFAULT NULL,
  `今日确诊死亡人数` int(11) DEFAULT NULL,
  `今日无症状增加` int(11) DEFAULT NULL
) ENGINE=InnoDB DEFAULT CHARSET=utf8;

/*Data for the table `province_today` */

insert  into `province_today`(`省份`,`今日确诊`,`今日确诊死亡人数`,`今日无症状增加`) values ('河北',18,0,3),('香港',70,0,0),('黑龙江',47,0,88),('吉林',23,0,12),('上海',9,0,0),('台湾',3,0,0),('北京',3,0,1),('广东',4,0,0),('陕西',0,0,0),('天津',0,0,0),('辽宁',0,0,0),('福建',1,0,0),('内蒙古',0,0,0),('浙江',0,0,0),('四川',0,0,0),('山西',1,0,0),('河南',0,0,0),('湖南',0,0,0),('江苏',0,0,0),('山东',0,0,0),('广西',0,0,0),('云南',0,0,0),('湖北',0,0,0),('澳门',1,0,0),('安徽',1,0,0),('重庆',0,0,0),('新疆',0,0,0),('青海',0,0,0),('宁夏',0,0,0),('西藏',0,0,0),('江西',0,0,0),('贵州',0,0,0),('海南',0,0,0),('甘肃',0,0,0);

/*Table structure for table `province_total` */

DROP TABLE IF EXISTS `province_total`;

CREATE TABLE `province_total` (
  `省份` varchar(255) DEFAULT NULL,
  `现确诊` int(255) DEFAULT NULL,
  `累计确诊` int(255) DEFAULT NULL,
  `疑似人数` int(255) DEFAULT NULL,
  `死亡人数` int(255) DEFAULT NULL,
  `死亡率` float(255,2) DEFAULT NULL,
  `治愈人数` int(255) DEFAULT NULL,
  `治愈率` float(255,2) DEFAULT NULL,
  `无症状感染者` int(255) DEFAULT NULL
) ENGINE=InnoDB DEFAULT CHARSET=utf8 ROW_FORMAT=DYNAMIC;

/*Data for the table `province_total` */

insert  into `province_total`(`省份`,`现确诊`,`累计确诊`,`疑似人数`,`死亡人数`,`死亡率`,`治愈人数`,`治愈率`,`无症状感染者`) values ('河北',837,1249,0,7,0.56,405,32.43,144),('香港',796,9867,0,167,1.69,8904,90.24,0),('黑龙江',306,1274,0,13,1.02,955,74.96,456),('吉林',185,342,0,2,0.58,155,45.32,50),('上海',100,1624,0,7,0.43,1517,93.41,0),('台湾',95,873,0,7,0.80,771,88.32,0),('北京',47,1020,0,9,0.88,964,94.51,10),('广东',41,2098,0,8,0.38,2049,97.66,1),('陕西',26,533,0,3,0.56,504,94.56,0),('天津',23,335,0,3,0.90,309,92.24,0),('辽宁',20,396,0,2,0.51,374,94.44,1),('福建',19,534,0,1,0.19,514,96.25,0),('内蒙古',14,366,0,1,0.27,351,95.90,0),('浙江',10,1316,0,1,0.08,1305,99.16,2),('四川',10,865,0,3,0.35,852,98.50,1),('山西',7,231,0,0,0.00,224,96.97,0),('河南',5,1303,0,22,1.69,1276,97.93,0),('湖南',5,1026,0,4,0.39,1017,99.12,0),('江苏',4,688,0,0,0.00,684,99.42,0),('山东',3,866,0,7,0.81,856,98.85,2),('广西',3,267,0,2,0.75,262,98.13,0),('云南',1,231,0,2,0.87,228,98.70,0),('湖北',1,68150,0,4512,6.62,63637,93.38,0),('澳门',1,47,0,0,0.00,46,97.87,0),('安徽',1,994,0,6,0.60,987,99.30,0),('重庆',1,591,0,6,1.02,584,98.82,0),('新疆',0,980,0,3,0.31,977,99.69,0),('青海',0,18,0,0,0.00,18,100.00,0),('宁夏',0,75,0,0,0.00,75,100.00,0),('西藏',0,1,0,0,0.00,1,100.00,0),('江西',0,935,0,1,0.11,934,99.89,0),('贵州',0,147,0,2,1.36,145,98.64,0),('海南',0,171,0,6,3.51,165,96.49,0),('甘肃',0,182,0,2,1.10,180,98.90,0);

/*!40101 SET SQL_MODE=@OLD_SQL_MODE */;
/*!40014 SET FOREIGN_KEY_CHECKS=@OLD_FOREIGN_KEY_CHECKS */;
/*!40014 SET UNIQUE_CHECKS=@OLD_UNIQUE_CHECKS */;
/*!40111 SET SQL_NOTES=@OLD_SQL_NOTES */;
